BTCUSDT,57818.8,57818.8,57818.8,2024-09-16T21:23:01.490195,0.0,173456.40000000002
BTCETH,25.25890376357666,25.25890376357666,25.25890376357666,2024-09-16T21:23:01.516841,0.0,75.77671129072999
BTCXMR,437.25404459991256,437.25404459991256,437.25404459991256,2024-09-16T21:23:01.536882,0.0,1311.7621337997377
BTCSOL,444.25430504305035,444.25430504305035,444.25430504305035,2024-09-16T21:23:01.549388,0.0,1332.762915129151
BTCRUB,5277012.236849907,5277012.236849907,5277012.236849907,2024-09-16T21:23:01.558488,0.0,15831036.71054972
BTCDOGE,584795.321637427,584795.321637427,584795.321637427,2024-09-16T21:23:01.570887,0.0,1754385.964912281
BTCUSDT,57827.09070451507,57827.09070451507,57818.8,2024-09-16T21:23:15.094659,8.290704515064135,173481.27211354522
BTCETH,25.26414266390227,25.26414266390227,25.25890376357666,2024-09-16T21:23:15.136183,0.005238900325608142,75.7924279917068
BTCXMR,437.25404459991256,437.25404459991256,437.25404459991256,2024-09-16T21:23:15.146153,0.0,1311.7621337997377
BTCSOL,444.4251326616934,444.4251326616934,444.25430504305035,2024-09-16T21:23:15.154484,0.1708276186430453,1333.2753979850802
BTCRUB,5284803.629382175,5284803.629382175,5277012.236849907,2024-09-16T21:23:15.160814,7791.392532268539,15854410.888146527
BTCDOGE,584795.321637427,584795.321637427,584795.321637427,2024-09-16T21:23:15.167962,0.0,1754385.964912281
BTCUSDT,57827.09070451507,57827.09070451507,57818.8,2024-09-16T21:23:28.273989,0.0,173481.27211354522
BTCETH,25.26414266390227,25.26414266390227,25.25890376357666,2024-09-16T21:23:28.294737,0.0,75.7924279917068
BTCXMR,437.25404459991256,437.25404459991256,437.25404459991256,2024-09-16T21:23:28.306555,0.0,1311.7621337997377
BTCSOL,444.28846005996775,444.4251326616934,444.25430504305035,2024-09-16T21:23:28.318202,-0.13667260172564966,1332.8653801799032
BTCRUB,5284803.629382175,5284803.629382175,5277012.236849907,2024-09-16T21:23:28.336685,0.0,15854410.888146527
BTCDOGE,581666.8344237544,584795.321637427,581666.8344237544,2024-09-16T21:23:28.347880,-3128.4872136726044,1745000.503271263
BTCUSDT,57828.0,57828.0,57818.8,2024-09-16T21:23:42.964391,0.9092954849329544,173484.0
BTCETH,25.25252525252525,25.26414266390227,25.25252525252525,2024-09-16T21:23:42.974827,-0.011617411377020659,75.75757575757575
BTCXMR,437.25404459991256,437.25404459991256,437.25404459991256,2024-09-16T21:23:42.984689,0.0,1311.7621337997377
BTCSOL,444.2779762590757,444.4251326616934,444.25430504305035,2024-09-16T21:23:43.003766,-0.010483800892075124,1332.833928777227
BTCRUB,5284803.629382175,5284803.629382175,5277012.236849907,2024-09-16T21:23:43.028748,0.0,15854410.888146527
BTCDOGE,581395.3488372093,584795.321637427,581395.3488372093,2024-09-16T21:23:43.039059,-271.4855865450809,1744186.0465116277
BTCUSDT,57836.0,57836.0,57818.8,2024-09-16T21:23:56.677499,8.0,173508.0
BTCETH,25.25252525252525,25.26414266390227,25.25252525252525,2024-09-16T21:23:56.702875,0.0,75.75757575757575
BTCXMR,437.25404459991256,437.25404459991256,437.25404459991256,2024-09-16T21:23:56.712862,0.0,1311.7621337997377
BTCSOL,444.10715908618926,444.4251326616934,444.10715908618926,2024-09-16T21:23:56.721609,-0.17081717288641585,1332.3214772585677
BTCRUB,5284754.712938951,5284803.629382175,5277012.236849907,2024-09-16T21:23:56.740078,-48.916443224065006,15854264.138816854
BTCDOGE,581395.3488372093,584795.321637427,581395.3488372093,2024-09-16T21:23:56.752790,0.0,1744186.0465116277
BTCUSDT,57836.5,57836.5,57818.8,2024-09-16T21:24:09.793181,0.5,173509.5
BTCETH,25.2482854660782,25.26414266390227,25.2482854660782,2024-09-16T21:24:09.808577,-0.004239786447048033,75.7448563982346
BTCXMR,437.25404459991256,437.25404459991256,437.25404459991256,2024-09-16T21:24:09.816931,0.0,1311.7621337997377
BTCSOL,443.9784562140845,444.4251326616934,443.9784562140845,2024-09-16T21:24:09.829586,-0.12870287210478182,1331.9353686422535
BTCRUB,5283223.18367623,5284803.629382175,5277012.236849907,2024-09-16T21:24:09.840728,-1531.5292627215385,15849669.55102869
BTCDOGE,581395.3488372093,584795.321637427,581395.3488372093,2024-09-16T21:24:09.863080,0.0,1744186.0465116277
BTCUSDT,57818.59640839628,57818.59640839628,57818.59640839628,2024-09-16T21:25:04.459305,0.0,173455.78922518884
BTCETH,25.244097545353064,25.244097545353064,25.244097545353064,2024-09-16T21:25:04.470688,0.0,75.73229263605919
BTCXMR,437.25404459991256,437.25404459991256,437.25404459991256,2024-09-16T21:25:04.483003,0.0,1311.7621337997377
BTCSOL,444.12873287678104,444.12873287678104,444.12873287678104,2024-09-16T21:25:04.491724,0.0,1332.3861986303432
BTCRUB,5284237.630988721,5284237.630988721,5284237.630988721,2024-09-16T21:25:04.499063,0.0,15852712.892966162
BTCDOGE,581395.3488372093,581395.3488372093,581395.3488372093,2024-09-16T21:25:04.506694,0.0,1744186.0465116277
BTCUSDT,57827.77359904662,57827.77359904662,57818.59640839628,2024-09-16T21:25:18.293111,9.177190650334524,173483.32079713984
BTCETH,25.24905551610264,25.24905551610264,25.244097545353064,2024-09-16T21:25:18.311851,0.004957970749575935,75.74716654830792
BTCXMR,437.25404459991256,437.25404459991256,437.25404459991256,2024-09-16T21:25:18.335432,0.0,1311.7621337997377
BTCSOL,444.12873287678104,444.12873287678104,444.12873287678104,2024-09-16T21:25:18.360353,0.0,1332.3861986303432
BTCRUB,5284237.630988721,5284237.630988721,5284237.630988721,2024-09-16T21:25:18.372133,0.0,15852712.892966162
BTCDOGE,581395.3488372093,581395.3488372093,581395.3488372093,2024-09-16T21:25:18.382205,0.0,1744186.0465116277
BTCUSDT,57827.77359904662,57827.77359904662,57818.59640839628,2024-09-16T21:25:32.968555,0.0,173483.32079713984
BTCETH,25.24905551610264,25.24905551610264,25.244097545353064,2024-09-16T21:25:32.995411,0.0,75.74716654830792
BTCXMR,437.25404459991256,437.25404459991256,437.25404459991256,2024-09-16T21:25:33.004019,0.0,1311.7621337997377
BTCSOL,444.12873287678104,444.12873287678104,444.12873287678104,2024-09-16T21:25:33.012724,0.0,1332.3861986303432
BTCRUB,5284237.630988721,5284237.630988721,5284237.630988721,2024-09-16T21:25:33.022764,0.0,15852712.892966162
BTCDOGE,581395.3488372093,581395.3488372093,581395.3488372093,2024-09-16T21:25:33.032104,0.0,1744186.0465116277
BTCUSDT,57827.77359904662,57827.77359904662,57818.59640839628,2024-09-16T21:25:45.990405,0.0,173483.32079713984
BTCETH,25.255804108497532,25.255804108497532,25.244097545353064,2024-09-16T21:25:46.000878,0.006748592394892228,75.7674123254926
BTCXMR,437.25404459991256,437.25404459991256,437.25404459991256,2024-09-16T21:25:46.015143,0.0,1311.7621337997377
BTCSOL,444.12873287678104,444.12873287678104,444.12873287678104,2024-09-16T21:25:46.026298,0.0,1332.3861986303432
BTCRUB,5284237.630988721,5284237.630988721,5284237.630988721,2024-09-16T21:25:46.035665,0.0,15852712.892966162
BTCDOGE,581395.3488372093,581395.3488372093,581395.3488372093,2024-09-16T21:25:46.045274,0.0,1744186.0465116277
BTCUSDT,57827.77359904662,57827.77359904662,57818.59640839628,2024-09-16T21:25:59.780903,0.0,173483.32079713984
BTCETH,25.255804108497532,25.255804108497532,25.244097545353064,2024-09-16T21:25:59.792619,0.0,75.7674123254926
BTCXMR,437.25404459991256,437.25404459991256,437.25404459991256,2024-09-16T21:25:59.803212,0.0,1311.7621337997377
BTCSOL,444.12873287678104,444.12873287678104,444.12873287678104,2024-09-16T21:25:59.813775,0.0,1332.3861986303432
BTCRUB,5284237.630988721,5284237.630988721,5284237.630988721,2024-09-16T21:25:59.827672,0.0,15852712.892966162
BTCDOGE,581395.3488372093,581395.3488372093,581395.3488372093,2024-09-16T21:25:59.842683,0.0,1744186.0465116277
BTCUSDT,57810.3,57827.77359904662,57810.3,2024-09-16T21:26:12.810452,-17.473599046614254,173430.90000000002
BTCETH,25.247301771458712,25.255804108497532,25.244097545353064,2024-09-16T21:26:12.824542,-0.008502337038819974,75.74190531437614
BTCXMR,437.25404459991256,437.25404459991256,437.25404459991256,2024-09-16T21:26:12.838836,0.0,1311.7621337997377
BTCSOL,443.9627232926327,444.12873287678104,443.9627232926327,2024-09-16T21:26:12.847887,-0.16600958414835532,1331.888169877898
BTCRUB,5282458.698544565,5284237.630988721,5282458.698544565,2024-09-16T21:26:12.857694,-1778.9324441561475,15847376.095633693
BTCDOGE,581395.3488372093,581395.3488372093,581395.3488372093,2024-09-16T21:26:12.869859,0.0,1744186.0465116277
BTCUSDT,57812.47353071534,57812.47353071534,57812.47353071534,2024-09-16T21:26:50.435709,0.0,173437.42059214602
BTCETH,25.2410308716384,25.2410308716384,25.2410308716384,2024-09-16T21:26:50.454329,0.0,75.7230926149152
BTCXMR,437.25404459991256,437.25404459991256,437.25404459991256,2024-09-16T21:26:50.478426,0.0,1311.7621337997377
BTCSOL,443.9627232926327,443.9627232926327,443.9627232926327,2024-09-16T21:26:50.486007,0.0,1331.888169877898
BTCRUB,5282695.026345252,5282695.026345252,5282695.026345252,2024-09-16T21:26:50.492757,0.0,15848085.079035755
BTCDOGE,580822.2758343385,580822.2758343385,580822.2758343385,2024-09-16T21:26:50.499981,0.0,1742466.8275030155
BTCUSDT,57812.47353071534,57812.47353071534,57812.47353071534,2024-09-16T21:27:03.568542,0.0,173437.42059214602
BTCETH,25.2410308716384,25.2410308716384,25.2410308716384,2024-09-16T21:27:03.596489,0.0,75.7230926149152
BTCXMR,437.25404459991256,437.25404459991256,437.25404459991256,2024-09-16T21:27:03.604434,0.0,1311.7621337997377
BTCSOL,443.9627232926327,443.9627232926327,443.9627232926327,2024-09-16T21:27:03.612532,0.0,1331.888169877898
BTCRUB,5282367.3362078965,5282695.026345252,5282367.3362078965,2024-09-16T21:27:03.620479,-327.6901373555884,15847102.00862369
BTCDOGE,580784.4869623337,580822.2758343385,580784.4869623337,2024-09-16T21:27:03.629825,-37.788872004835866,1742353.460887001
BTCUSDT,57808.25060867726,57812.47353071534,57808.25060867726,2024-09-16T21:27:17.010062,-4.222922038075922,173424.75182603177
BTCETH,25.239465148682207,25.2410308716384,25.239465148682207,2024-09-16T21:27:17.023530,-0.001565722956193838,75.71839544604663
BTCXMR,437.25404459991256,437.25404459991256,437.25404459991256,2024-09-16T21:27:17.036050,0.0,1311.7621337997377
BTCSOL,443.6460826468122,443.9627232926327,443.6460826468122,2024-09-16T21:27:17.054855,-0.3166406458204847,1330.9382479404367
BTCRUB,5282367.3362078965,5282695.026345252,5282367.3362078965,2024-09-16T21:27:17.070376,0.0,15847102.00862369
BTCDOGE,580784.4869623337,580822.2758343385,580784.4869623337,2024-09-16T21:27:17.096091,0.0,1742353.460887001
BTCUSDT,57808.25060867726,57812.47353071534,57808.25060867726,2024-09-16T21:27:30.112658,0.0,173424.75182603177
BTCETH,25.239465148682207,25.2410308716384,25.239465148682207,2024-09-16T21:27:30.124786,0.0,75.71839544604663
BTCXMR,437.25404459991256,437.25404459991256,437.25404459991256,2024-09-16T21:27:30.132900,0.0,1311.7621337997377
BTCSOL,443.69476677168984,443.9627232926327,443.6460826468122,2024-09-16T21:27:30.141511,0.048684124877638624,1331.0843003150694
BTCRUB,5282367.3362078965,5282695.026345252,5282367.3362078965,2024-09-16T21:27:30.151953,0.0,15847102.00862369
BTCDOGE,581395.3488372093,581395.3488372093,580784.4869623337,2024-09-16T21:27:30.163679,610.8618748756126,1744186.0465116277
BTCUSDT,57808.25060867726,57812.47353071534,57808.25060867726,2024-09-16T21:27:43.786034,0.0,173424.75182603177
BTCETH,25.238117931455918,25.2410308716384,25.238117931455918,2024-09-16T21:27:43.794960,-0.0013472172262893878,75.71435379436775
BTCXMR,437.25404459991256,437.25404459991256,437.25404459991256,2024-09-16T21:27:43.803199,0.0,1311.7621337997377
BTCSOL,443.67382673005,443.9627232926327,443.6460826468122,2024-09-16T21:27:43.818064,-0.02094004163984664,1331.02148019015
BTCRUB,5282367.3362078965,5282695.026345252,5282367.3362078965,2024-09-16T21:27:43.834474,0.0,15847102.00862369
BTCDOGE,581395.3488372093,581395.3488372093,580784.4869623337,2024-09-16T21:27:43.843291,0.0,1744186.0465116277
BTCUSDT,57809.6,57809.6,57809.6,2024-09-16T21:28:18.827854,0.0,173428.8
BTCETH,25.238856144946517,25.238856144946517,25.238856144946517,2024-09-16T21:28:18.855398,0.0,75.71656843483956
BTCXMR,437.25404459991256,437.25404459991256,437.25404459991256,2024-09-16T21:28:18.866524,0.0,1311.7621337997377
BTCSOL,443.7002011145739,443.7002011145739,443.7002011145739,2024-09-16T21:28:18.875732,0.0,1331.1006033437216
BTCRUB,5282082.41965751,5282082.41965751,5282082.41965751,2024-09-16T21:28:18.888093,0.0,15846247.25897253
BTCDOGE,581395.3488372093,581395.3488372093,581395.3488372093,2024-09-16T21:28:18.899261,0.0,1744186.0465116277
BTCUSDT,57828.2,57828.2,57809.6,2024-09-16T21:28:33.000758,18.599999999998545,173484.59999999998
BTCETH,25.23959374468066,25.23959374468066,25.238856144946517,2024-09-16T21:28:33.019968,0.0007375997341441121,75.71878123404198
BTCXMR,437.25404459991256,437.25404459991256,437.25404459991256,2024-09-16T21:28:33.031725,0.0,1311.7621337997377
BTCSOL,443.76122840690977,443.76122840690977,443.7002011145739,2024-09-16T21:28:33.051800,0.061027292335893435,1331.2836852207292
BTCRUB,5282082.41965751,5282082.41965751,5282082.41965751,2024-09-16T21:28:33.064731,0.0,15846247.25897253
BTCDOGE,581395.3488372093,581395.3488372093,581395.3488372093,2024-09-16T21:28:33.092042,0.0,1744186.0465116277
BTCUSDT,57822.7,57828.2,57809.6,2024-09-16T21:28:47.130553,-5.5,173468.09999999998
BTCETH,25.24463335575806,25.24463335575806,25.238856144946517,2024-09-16T21:28:47.142197,0.005039611077400252,75.73390006727419
BTCXMR,437.25404459991256,437.25404459991256,437.25404459991256,2024-09-16T21:28:47.150922,0.0,1311.7621337997377
BTCSOL,444.04871676655915,444.04871676655915,443.7002011145739,2024-09-16T21:28:47.163233,0.28748835964938735,1332.1461502996774
BTCRUB,5282082.41965751,5282082.41965751,5282082.41965751,2024-09-16T21:28:47.182105,0.0,15846247.25897253
BTCDOGE,581395.3488372093,581395.3488372093,581395.3488372093,2024-09-16T21:28:47.206419,0.0,1744186.0465116277
BTCUSDT,57807.170714851956,57828.2,57807.170714851956,2024-09-16T21:29:00.268679,-15.529285148040799,173421.51214455586
BTCETH,25.246149962130776,25.246149962130776,25.238856144946517,2024-09-16T21:29:00.278386,0.0015166063727143353,75.73844988639233
BTCXMR,437.25404459991256,437.25404459991256,437.25404459991256,2024-09-16T21:29:00.285879,0.0,1311.7621337997377
BTCSOL,444.11068408916225,444.11068408916225,443.7002011145739,2024-09-16T21:29:00.298170,0.061967322603095454,1332.3320522674867
BTCRUB,5282203.668119796,5282203.668119796,5282082.41965751,2024-09-16T21:29:00.306661,121.24846228584647,15846611.004359387
BTCDOGE,581395.3488372093,581395.3488372093,581395.3488372093,2024-09-16T21:29:00.315516,0.0,1744186.0465116277
BTCUSDT,57803.62708235145,57828.2,57803.62708235145,2024-09-16T21:29:13.304923,-3.5436325005066465,173410.88124705435
BTCETH,25.246896310543804,25.246896310543804,25.238856144946517,2024-09-16T21:29:13.320076,0.0007463484130276754,75.74068893163141
BTCXMR,437.25404459991256,437.25404459991256,437.25404459991256,2024-09-16T21:29:13.328066,0.0,1311.7621337997377
BTCSOL,444.1651926478505,444.1651926478505,443.7002011145739,2024-09-16T21:29:13.336932,0.054508558688269204,1332.4955779435516
BTCRUB,5281879.864197874,5282203.668119796,5281879.864197874,2024-09-16T21:29:13.344037,-323.8039219211787,15845639.592593623
BTCDOGE,581395.3488372093,581395.3488372093,581395.3488372093,2024-09-16T21:29:13.350533,0.0,1744186.0465116277
BTCUSDT,57803.62708235145,57828.2,57803.62708235145,2024-09-16T21:29:26.665755,0.0,173410.88124705435
BTCETH,25.246149962130776,25.246896310543804,25.238856144946517,2024-09-16T21:29:26.679547,-0.0007463484130276754,75.73844988639233
BTCXMR,437.25404459991256,437.25404459991256,437.25404459991256,2024-09-16T21:29:26.689778,0.0,1311.7621337997377
BTCSOL,444.21769230769235,444.21769230769235,443.7002011145739,2024-09-16T21:29:26.700520,0.05249965984182836,1332.6530769230772
BTCRUB,5281879.864197874,5282203.668119796,5281879.864197874,2024-09-16T21:29:26.714829,0.0,15845639.592593623
BTCDOGE,581395.3488372093,581395.3488372093,581395.3488372093,2024-09-16T21:29:26.740357,0.0,1744186.0465116277
BTCUSDT,57803.62708235145,57828.2,57803.62708235145,2024-09-16T21:29:41.435494,0.0,173410.88124705435
BTCETH,25.246149962130776,25.246896310543804,25.238856144946517,2024-09-16T21:29:41.451645,0.0,75.73844988639233
BTCXMR,437.25404459991256,437.25404459991256,437.25404459991256,2024-09-16T21:29:41.476253,0.0,1311.7621337997377
BTCSOL,444.21858175665284,444.21858175665284,443.7002011145739,2024-09-16T21:29:41.490843,0.0008894489604927003,1332.6557452699585
BTCRUB,5281879.864197874,5282203.668119796,5281879.864197874,2024-09-16T21:29:41.506322,0.0,15845639.592593623
BTCDOGE,581395.3488372093,581395.3488372093,581395.3488372093,2024-09-16T21:29:41.533800,0.0,1744186.0465116277
BTCUSDT,57803.62708235145,57828.2,57803.62708235145,2024-09-16T21:29:56.249289,0.0,173410.88124705435
BTCETH,25.246149962130776,25.246896310543804,25.238856144946517,2024-09-16T21:29:56.282875,0.0,75.73844988639233
BTCXMR,437.25404459991256,437.25404459991256,437.25404459991256,2024-09-16T21:29:56.294857,0.0,1311.7621337997377
BTCSOL,444.1851880335307,444.21858175665284,443.7002011145739,2024-09-16T21:29:56.308029,-0.03339372312211708,1332.5555641005922
BTCRUB,5281903.4998389585,5282203.668119796,5281879.864197874,2024-09-16T21:29:56.329293,23.635641084052622,15845710.499516875
BTCDOGE,581395.3488372093,581395.3488372093,581395.3488372093,2024-09-16T21:29:56.338281,0.0,1744186.0465116277
BTCUSDT,57808.86725170371,57828.2,57803.62708235145,2024-09-16T21:30:09.974259,5.2401693522624555,173426.60175511113
BTCETH,25.24751610056188,25.24751610056188,25.238856144946517,2024-09-16T21:30:09.990342,0.001366138431105668,75.74254830168564
BTCXMR,437.25404459991256,437.25404459991256,437.25404459991256,2024-09-16T21:30:10.009047,0.0,1311.7621337997377
BTCSOL,444.1621164346689,444.21858175665284,443.7002011145739,2024-09-16T21:30:10.022857,-0.023071598861804432,1332.4863493040068
BTCRUB,5282382.329113842,5282382.329113842,5281879.864197874,2024-09-16T21:30:10.055693,478.8292748834938,15847146.987341527
BTCDOGE,581395.3488372093,581395.3488372093,581395.3488372093,2024-09-16T21:30:10.070273,0.0,1744186.0465116277
BTCUSDT,57806.5263518828,57828.2,57803.62708235145,2024-09-16T21:30:23.492422,-2.3408998209124547,173419.5790556484
BTCETH,25.246517643357745,25.24751610056188,25.238856144946517,2024-09-16T21:30:23.526263,-0.0009984572041368267,75.73955293007323
BTCXMR,437.25404459991256,437.25404459991256,437.25404459991256,2024-09-16T21:30:23.540627,0.0,1311.7621337997377
BTCSOL,443.99677369795666,444.21858175665284,443.7002011145739,2024-09-16T21:30:23.554955,-0.16534273671226174,1331.99032109387
BTCRUB,5282382.329113842,5282382.329113842,5281879.864197874,2024-09-16T21:30:23.565645,0.0,15847146.987341527
BTCDOGE,581395.3488372093,581395.3488372093,581395.3488372093,2024-09-16T21:30:23.576450,0.0,1744186.0465116277
BTCUSDT,57850.0,57850.0,57850.0,2024-09-16T21:33:34.104245,0.0,173550.0
BTCETH,25.26606250218478,25.26606250218478,25.26606250218478,2024-09-16T21:33:34.115839,0.0,75.79818750655434
BTCXMR,437.25404459991256,437.25404459991256,437.25404459991256,2024-09-16T21:33:34.126310,0.0,1311.7621337997377
BTCSOL,443.8385698392603,443.8385698392603,443.8385698392603,2024-09-16T21:33:34.136557,0.0,1331.5157095177808
BTCRUB,5280625.620953145,5280625.620953145,5280625.620953145,2024-09-16T21:33:34.144800,0.0,15841876.862859435
BTCDOGE,581208.6807997589,581208.6807997589,581208.6807997589,2024-09-16T21:33:34.152201,0.0,1743626.0423992765
BTCUSDT,57860.0,57860.0,57850.0,2024-09-16T21:33:48.957050,10.0,173580.0
BTCETH,25.26713855026871,25.26713855026871,25.26606250218478,2024-09-16T21:33:49.720877,0.0010760480839309139,75.80141565080613
BTCXMR,437.25404459991256,437.25404459991256,437.25404459991256,2024-09-16T21:33:49.730235,0.0,1311.7621337997377
BTCSOL,443.77969443503895,443.8385698392603,443.77969443503895,2024-09-16T21:33:49.755660,-0.05887540422133952,1331.339083305117
BTCRUB,5280625.620953145,5280625.620953145,5280625.620953145,2024-09-16T21:33:49.767341,0.0,15841876.862859435
BTCDOGE,581266.9546870291,581266.9546870291,581208.6807997589,2024-09-16T21:33:50.847693,58.27388727024663,1743800.8640610874
BTCUSDT,57863.6,57863.6,57863.6,2024-09-16T21:35:38.220078,0.0,173590.8
BTCETH,25.270120893572585,25.270120893572585,25.270120893572585,2024-09-16T21:35:38.241588,0.0,75.81036268071776
BTCXMR,437.25404459991256,437.25404459991256,437.25404459991256,2024-09-16T21:35:38.250082,0.0,1311.7621337997377
BTCSOL,444.2774152728534,444.2774152728534,444.2774152728534,2024-09-16T21:35:38.258159,0.0,1332.83224581856
BTCRUB,5286073.1249983115,5286073.1249983115,5286073.1249983115,2024-09-16T21:35:38.267183,0.0,15858219.374994934
BTCDOGE,581403.2971451548,581403.2971451548,581403.2971451548,2024-09-16T21:35:38.275829,0.0,1744209.8914354644
BTCUSDT,57851.06867482804,57863.6,57851.06867482804,2024-09-16T21:35:52.117040,-12.531325171956269,173553.20602448413
BTCETH,25.27008785227188,25.270120893572585,25.27008785227188,2024-09-16T21:35:52.131645,-3.304130070347355e-05,75.81026355681564
BTCXMR,437.25404459991256,437.25404459991256,437.25404459991256,2024-09-16T21:35:52.142402,0.0,1311.7621337997377
BTCSOL,443.8402310579503,444.2774152728534,443.8402310579503,2024-09-16T21:35:52.153434,-0.437184214903084,1331.5206931738508
BTCUSDT,57872.07691326975,57872.07691326975,57872.07691326975,2024-09-16T21:37:01.207462,0.0,173616.23073980925
BTCETH,25.264703819159287,25.264703819159287,25.264703819159287,2024-09-16T21:37:01.235464,0.0,75.79411145747787
BTCXMR,437.25404459991256,437.25404459991256,437.25404459991256,2024-09-16T21:37:01.245864,0.0,1311.7621337997377
BTCSOL,443.92144532111604,443.92144532111604,443.92144532111604,2024-09-16T21:37:01.268232,0.0,1331.764335963348
BTCRUB,5288098.247847709,5288098.247847709,5288098.247847709,2024-09-16T21:37:01.278980,0.0,15864294.743543126
BTCDOGE,581275.8898049466,581275.8898049466,581275.8898049466,2024-09-16T21:37:01.291150,0.0,1743827.6694148397
BTCUSDT,57852.89289307221,57872.07691326975,57852.89289307221,2024-09-16T21:37:14.750738,-19.18402019754285,173558.67867921662
BTCETH,25.256328820123432,25.264703819159287,25.256328820123432,2024-09-16T21:37:14.769180,-0.008374999035854813,75.7689864603703
BTCXMR,437.25404459991256,437.25404459991256,437.25404459991256,2024-09-16T21:37:14.783536,0.0,1311.7621337997377
BTCSOL,443.7742897596192,443.92144532111604,443.7742897596192,2024-09-16T21:37:14.793684,-0.14715556149684517,1331.3228692788575
BTCRUB,5286345.295664132,5288098.247847709,5286345.295664132,2024-09-16T21:37:14.803836,-1752.952183577232,15859035.886992395
BTCDOGE,581230.6454856223,581275.8898049466,581230.6454856223,2024-09-16T21:37:14.812606,-45.244319324265234,1743691.936456867
BTCUSDT,57845.51639158559,57872.07691326975,57845.51639158559,2024-09-16T21:37:27.823652,-7.376501486622146,173536.54917475677
BTCETH,25.256328820123432,25.264703819159287,25.256328820123432,2024-09-16T21:37:27.841679,0.0,75.7689864603703
BTCXMR,437.25404459991256,437.25404459991256,437.25404459991256,2024-09-16T21:37:27.849940,0.0,1311.7621337997377
BTCSOL,443.7742897596192,443.92144532111604,443.7742897596192,2024-09-16T21:37:27.857622,0.0,1331.3228692788575
BTCRUB,5286345.295664132,5288098.247847709,5286345.295664132,2024-09-16T21:37:27.865384,0.0,15859035.886992395
BTCDOGE,581346.1867090198,581346.1867090198,581230.6454856223,2024-09-16T21:37:29.623614,115.54122339747846,1744038.5601270595
BTCUSDT,57858.0,57872.07691326975,57845.51639158559,2024-09-16T21:37:43.390553,12.48360841441172,173574.0
BTCETH,25.256328820123432,25.264703819159287,25.256328820123432,2024-09-16T21:37:43.432152,0.0,75.7689864603703
BTCXMR,437.25404459991256,437.25404459991256,437.25404459991256,2024-09-16T21:37:43.470915,0.0,1311.7621337997377
BTCSOL,443.7742897596192,443.92144532111604,443.7742897596192,2024-09-16T21:37:43.498950,0.0,1331.3228692788575
BTCRUB,5286345.295664132,5288098.247847709,5286345.295664132,2024-09-16T21:37:43.528580,0.0,15859035.886992395
BTCDOGE,581569.3449000312,581569.3449000312,581230.6454856223,2024-09-16T21:37:44.498001,223.1581910114037,1744708.0347000938
BTCUSDT,57841.88071115188,57841.88071115188,57841.88071115188,2024-09-16T21:39:17.019448,0.0,173525.64213345567
BTCETH,25.26053605001365,25.26053605001365,25.26053605001365,2024-09-16T21:39:17.029386,0.0,75.78160815004094
BTCXMR,437.25404459991256,437.25404459991256,437.25404459991256,2024-09-16T21:39:17.037512,0.0,1311.7621337997377
BTCSOL,443.3791040196379,443.3791040196379,443.3791040196379,2024-09-16T21:39:17.045358,0.0,1330.1373120589137
BTCRUB,5285152.199347719,5285152.199347719,5285152.199347719,2024-09-16T21:39:17.054716,0.0,15855456.598043155
BTCDOGE,581395.3488372093,581395.3488372093,581395.3488372093,2024-09-16T21:39:17.063680,0.0,1744186.0465116277
BTCUSDT,57839.50468543205,57841.88071115188,57839.50468543205,2024-09-16T21:39:30.219828,-2.376025719830068,173518.51405629615
BTCETH,25.26053605001365,25.26053605001365,25.26053605001365,2024-09-16T21:39:30.232757,0.0,75.78160815004094
BTCXMR,437.25404459991256,437.25404459991256,437.25404459991256,2024-09-16T21:39:30.242932,0.0,1311.7621337997377
BTCSOL,443.4890678941312,443.4890678941312,443.3791040196379,2024-09-16T21:39:30.956370,0.10996387449330314,1330.4672036823936
BTCRUB,5285152.199347719,5285152.199347719,5285152.199347719,2024-09-16T21:39:30.968197,0.0,15855456.598043155
BTCDOGE,581460.4707302355,581460.4707302355,581395.3488372093,2024-09-16T21:39:31.628724,65.12189302616753,1744381.4121907065
BTCUSDT,57838.6,57838.6,57838.6,2024-09-16T21:40:26.561620,0.0,173515.8
BTCETH,25.257127078182585,25.257127078182585,25.257127078182585,2024-09-16T21:40:26.582044,0.0,75.77138123454776
BTCXMR,437.25404459991256,437.25404459991256,437.25404459991256,2024-09-16T21:40:26.596793,0.0,1311.7621337997377
BTCSOL,443.4530111238972,443.4530111238972,443.4530111238972,2024-09-16T21:40:26.611679,0.0,1330.3590333716916
BTCRUB,5284805.298157643,5284805.298157643,5284805.298157643,2024-09-16T21:40:26.627283,0.0,15854415.894472927
BTCDOGE,581395.3488372093,581395.3488372093,581395.3488372093,2024-09-16T21:40:26.643820,0.0,1744186.0465116277
BTCUSDT,57831.80288640231,57838.6,57831.80288640231,2024-09-16T21:40:40.365760,-6.79711359769135,173495.40865920694
BTCETH,25.25362667342888,25.257127078182585,25.25362667342888,2024-09-16T21:40:40.378434,-0.0035004047537050553,75.76088002028663
BTCXMR,437.25404459991256,437.25404459991256,437.25404459991256,2024-09-16T21:40:40.387236,0.0,1311.7621337997377
BTCUSDT,57808.39052117663,57808.39052117663,57808.39052117663,2024-09-16T21:42:28.838891,0.0,173425.1715635299
BTCETH,25.242013044922796,25.242013044922796,25.242013044922796,2024-09-16T21:42:28.850204,0.0,75.72603913476838
BTCXMR,437.25404459991256,437.25404459991256,437.25404459991256,2024-09-16T21:42:28.857310,0.0,1311.7621337997377
BTCSOL,443.1374182348762,443.1374182348762,443.1374182348762,2024-09-16T21:42:28.863553,0.0,1329.4122547046286
BTCRUB,5282877.335830601,5282877.335830601,5282877.335830601,2024-09-16T21:42:28.869747,0.0,15848632.007491803
BTCDOGE,581511.4709851552,581511.4709851552,581511.4709851552,2024-09-16T21:42:28.877439,0.0,1744534.4129554657
BTCUSDT,57808.39052117663,57808.39052117663,57808.39052117663,2024-09-16T21:42:42.317131,0.0,173425.1715635299
BTCUSDT,57729.3,57729.3,57729.3,2024-09-16T21:46:15.499967,0.0,173187.90000000002
BTCETH,25.253662655135155,25.253662655135155,25.253662655135155,2024-09-16T21:46:15.538608,0.0,75.76098796540546
BTCXMR,437.25404459991256,437.25404459991256,437.25404459991256,2024-09-16T21:46:15.560326,0.0,1311.7621337997377
BTCSOL,443.10037631518315,443.10037631518315,443.10037631518315,2024-09-16T21:46:15.581051,0.0,1329.3011289455494
BTCRUB,5276150.660319965,5276150.660319965,5276150.660319965,2024-09-16T21:46:15.599176,0.0,15828451.980959896
BTCDOGE,581960.321780681,581960.321780681,581960.321780681,2024-09-16T21:46:15.619589,0.0,1745880.965342043
BTCUSDT,57775.3,57775.3,57775.3,2024-09-16T21:47:26.642359,0.0,173325.90000000002
BTCETH,25.261820852972814,25.261820852972814,25.261820852972814,2024-09-16T21:47:26.666458,0.0,75.78546255891844
BTCXMR,437.25404459991256,437.25404459991256,437.25404459991256,2024-09-16T21:47:26.674940,0.0,1311.7621337997377
BTCSOL,443.17606444188726,443.17606444188726,443.17606444188726,2024-09-16T21:47:26.684867,0.0,1329.5281933256617
BTCRUB,5275256.387558481,5275256.387558481,5275256.387558481,2024-09-16T21:47:26.693129,0.0,15825769.162675442
BTCDOGE,582015.92581393,582015.92581393,582015.92581393,2024-09-16T21:47:26.699392,0.0,1746047.7774417899
BTCUSDT,57761.9,57775.3,57761.9,2024-09-16T21:47:41.979267,-13.400000000001455,173285.7
BTCETH,25.25890376357666,25.261820852972814,25.25890376357666,2024-09-16T21:47:42.020571,-0.002917089396152761,75.77671129072999
BTCXMR,437.25404459991256,437.25404459991256,437.25404459991256,2024-09-16T21:47:42.032621,0.0,1311.7621337997377
BTCSOL,443.1292673571155,443.17606444188726,443.1292673571155,2024-09-16T21:47:42.046965,-0.046797084771753816,1329.3878020713464
BTCRUB,5275256.387558481,5275256.387558481,5275256.387558481,2024-09-16T21:47:42.057351,0.0,15825769.162675442
BTCUSDT,57800.5,57800.5,57800.5,2024-09-16T21:48:30.326633,0.0,173401.5
BTCETH,25.264805270313396,25.264805270313396,25.264805270313396,2024-09-16T21:48:30.342394,0.0,75.7944158109402
BTCXMR,437.25404459991256,437.25404459991256,437.25404459991256,2024-09-16T21:48:30.352199,0.0,1311.7621337997377
BTCSOL,443.516542565441,443.516542565441,443.516542565441,2024-09-16T21:48:30.361733,0.0,1330.5496276963231
BTCRUB,5275851.445210984,5275851.445210984,5275851.445210984,2024-09-16T21:48:30.370652,0.0,15827554.335632952
BTCDOGE,582311.026002822,582311.026002822,582311.026002822,2024-09-16T21:48:30.378502,0.0,1746933.078008466
BTCUSDT,57813.8,57813.8,57800.5,2024-09-16T21:48:48.861883,13.30000000000291,173441.40000000002
BTCETH,25.265285497726126,25.265285497726126,25.264805270313396,2024-09-16T21:48:49.868760,0.00048022741273001657,75.79585649317838
BTCXMR,437.25404459991256,437.25404459991256,437.25404459991256,2024-09-16T21:48:49.891669,0.0,1311.7621337997377
BTCSOL,443.36715520481016,443.516542565441,443.36715520481016,2024-09-16T21:48:49.916048,-0.1493873606308398,1330.1014656144305
BTCRUB,5275851.445210984,5275851.445210984,5275851.445210984,2024-09-16T21:48:49.927912,0.0,15827554.335632952
BTCDOGE,584795.321637427,584795.321637427,582311.026002822,2024-09-16T21:48:50.995102,2484.2956346049905,1754385.964912281
BTCUSDT,57811.5,57813.8,57800.5,2024-09-16T21:49:06.215478,-2.3000000000029104,173434.5
BTCETH,25.26581581122027,25.26581581122027,25.264805270313396,2024-09-16T21:49:07.128592,0.0005303134941456733,75.7974474336608
BTCXMR,437.25404459991256,437.25404459991256,437.25404459991256,2024-09-16T21:49:07.138061,0.0,1311.7621337997377
BTCSOL,443.5500460546515,443.5500460546515,443.36715520481016,2024-09-16T21:49:08.056524,0.18289084984132842,1330.6501381639546
BTCRUB,5275708.00574389,5275851.445210984,5275708.00574389,2024-09-16T21:49:08.066248,-143.4394670939073,15827124.01723167
BTCDOGE,584795.321637427,584795.321637427,582311.026002822,2024-09-16T21:49:08.863880,0.0,1754385.964912281
BTCUSDT,57860.3,57860.3,57860.3,2024-09-16T21:51:35.337049,0.0,173580.90000000002
BTCETH,25.285647203771596,25.285647203771596,25.285647203771596,2024-09-16T21:51:35.384646,0.0,75.8569416113148
BTCXMR,437.25404459991256,437.25404459991256,437.25404459991256,2024-09-16T21:51:35.392346,0.0,1311.7621337997377
BTCSOL,443.56199162987326,443.56199162987326,443.56199162987326,2024-09-16T21:51:35.398378,0.0,1330.6859748896197
BTCRUB,5283346.318779963,5283346.318779963,5283346.318779963,2024-09-16T21:51:35.404462,0.0,15850038.956339888
BTCDOGE,582505.7887848587,582505.7887848587,582505.7887848587,2024-09-16T21:51:35.413046,0.0,1747517.3663545758
BTCUSDT,57873.0,57873.0,57860.3,2024-09-16T21:51:50.316656,12.69999999999709,173619.0
BTCETH,25.26892759323148,25.285647203771596,25.26892759323148,2024-09-16T21:51:50.345791,-0.016719610540114616,75.80678277969444
BTCXMR,437.25404459991256,437.25404459991256,437.25404459991256,2024-09-16T21:51:50.358979,0.0,1311.7621337997377
BTCSOL,443.56199162987326,443.56199162987326,443.56199162987326,2024-09-16T21:51:50.371749,0.0,1330.6859748896197
BTCRUB,5283346.318779963,5283346.318779963,5283346.318779963,2024-09-16T21:51:50.385025,0.0,15850038.956339888
BTCDOGE,582633.6454243432,582633.6454243432,582505.7887848587,2024-09-16T21:51:52.174343,127.85663948452566,1747900.9362730295
BTCUSDT,57859.6,57873.0,57859.6,2024-09-16T21:52:07.006212,-13.400000000001455,173578.8
BTCETH,25.26892759323148,25.285647203771596,25.26892759323148,2024-09-16T21:52:07.027379,0.0,75.80678277969444
BTCXMR,437.25404459991256,437.25404459991256,437.25404459991256,2024-09-16T21:52:07.039296,0.0,1311.7621337997377
BTCSOL,443.56199162987326,443.56199162987326,443.56199162987326,2024-09-16T21:52:07.049387,0.0,1330.6859748896197
BTCRUB,5283346.318779963,5283346.318779963,5283346.318779963,2024-09-16T21:52:07.059628,0.0,15850038.956339888
BTCDOGE,582498.741568509,582633.6454243432,582498.741568509,2024-09-16T21:52:07.072934,-134.90385583415627,1747496.224705527
BTCUSDT,57858.0,57873.0,57858.0,2024-09-16T21:52:20.101947,-1.5999999999985448,173574.0
BTCETH,25.26892759323148,25.285647203771596,25.26892759323148,2024-09-16T21:52:20.110777,0.0,75.80678277969444
BTCXMR,437.25404459991256,437.25404459991256,437.25404459991256,2024-09-16T21:52:20.119610,0.0,1311.7621337997377
BTCSOL,443.56199162987326,443.56199162987326,443.56199162987326,2024-09-16T21:52:20.128351,0.0,1330.6859748896197
BTCRUB,5283346.318779963,5283346.318779963,5283346.318779963,2024-09-16T21:52:20.137317,0.0,15850038.956339888
BTCDOGE,582482.6336454244,582633.6454243432,582482.6336454244,2024-09-16T21:52:20.146635,-16.10792308463715,1747447.9009362732
BTCUSDT,57817.8,57817.8,57817.8,2024-09-16T21:53:13.230360,0.0,173453.40000000002
BTCETH,25.267604521029025,25.267604521029025,25.267604521029025,2024-09-16T21:53:13.242970,0.0,75.80281356308707
BTCXMR,437.25404459991256,437.25404459991256,437.25404459991256,2024-09-16T21:53:13.251300,0.0,1311.7621337997377
BTCSOL,443.6263145774161,443.6263145774161,443.6263145774161,2024-09-16T21:53:13.258865,0.0,1330.8789437322484
BTCRUB,5283394.181466601,5283394.181466601,5283394.181466601,2024-09-16T21:53:13.266513,0.0,15850182.544399802
BTCDOGE,582396.4526856797,582396.4526856797,582396.4526856797,2024-09-16T21:53:13.275079,0.0,1747189.3580570389
BTCUSDT,57851.66312384581,57851.66312384581,57817.8,2024-09-16T21:53:28.401634,33.863123845803784,173554.9893715374
BTCETH,25.282276742174652,25.282276742174652,25.267604521029025,2024-09-16T21:53:29.373081,0.014672221145627162,75.84683022652396
BTCXMR,437.25404459991256,437.25404459991256,437.25404459991256,2024-09-16T21:53:29.396464,0.0,1311.7621337997377
BTCSOL,443.88026884996464,443.88026884996464,443.6263145774161,2024-09-16T21:53:30.451976,0.2539542725485262,1331.640806549894
BTCRUB,5286462.106950613,5286462.106950613,5283394.181466601,2024-09-16T21:53:31.892220,3067.925484011881,15859386.320851838
BTCDOGE,582482.6126398548,582482.6126398548,582396.4526856797,2024-09-16T21:53:32.855624,86.15995417512022,1747447.8379195645
BTCUSDT,57825.68103374842,57825.68103374842,57825.68103374842,2024-09-16T21:54:34.106947,0.0,173477.04310124525
BTCETH,25.260713143012413,25.260713143012413,25.260713143012413,2024-09-16T21:54:34.123640,0.0,75.78213942903724
BTCXMR,437.25404459991256,437.25404459991256,437.25404459991256,2024-09-16T21:54:34.135076,0.0,1311.7621337997377
BTCSOL,443.596834908197,443.596834908197,443.596834908197,2024-09-16T21:54:34.155146,0.0,1330.790504724591
BTCRUB,5283553.285738364,5283553.285738364,5283553.285738364,2024-09-16T21:54:34.174417,0.0,15850659.857215092
BTCDOGE,582145.3775582216,582145.3775582216,582145.3775582216,2024-09-16T21:54:34.186339,0.0,1746436.1326746647
BTCUSDT,57825.68103374842,57825.68103374842,57825.68103374842,2024-09-16T21:54:47.836982,0.0,173477.04310124525
BTCETH,25.259891083262254,25.260713143012413,25.259891083262254,2024-09-16T21:54:47.854270,-0.0008220597501598093,75.77967324978675
BTCXMR,437.25404459991256,437.25404459991256,437.25404459991256,2024-09-16T21:54:47.865381,0.0,1311.7621337997377
BTCSOL,443.60039944691965,443.60039944691965,443.596834908197,2024-09-16T21:54:47.873686,0.0035645387226281855,1330.801198340759
BTCRUB,5283553.285738364,5283553.285738364,5283553.285738364,2024-09-16T21:54:47.883625,0.0,15850659.857215092
BTCDOGE,582136.0887096775,582145.3775582216,582136.0887096775,2024-09-16T21:54:47.895451,-9.28884854412172,1746408.2661290322
BTCUSDT,57825.68103374842,57825.68103374842,57825.68103374842,2024-09-16T21:55:01.431891,0.0,173477.04310124525
BTCETH,25.265285497726126,25.265285497726126,25.259891083262254,2024-09-16T21:55:02.638356,0.00539441446387201,75.79585649317838
BTCXMR,437.25404459991256,437.25404459991256,437.25404459991256,2024-09-16T21:55:02.651484,0.0,1311.7621337997377
BTCSOL,443.62504802151363,443.62504802151363,443.596834908197,2024-09-16T21:55:03.846919,0.024648574593982175,1330.875144064541
BTCRUB,5284408.203748907,5284408.203748907,5283553.285738364,2024-09-16T21:55:04.740967,854.9180105431005,15853224.61124672
BTCDOGE,582210.3458707271,582210.3458707271,582136.0887096775,2024-09-16T21:55:06.349550,74.25716104963794,1746631.0376121812
BTCUSDT,57799.244371003464,57825.68103374842,57799.244371003464,2024-09-16T21:55:19.278647,-26.436662744956266,173397.73311301038
BTCETH,25.257528947391453,25.265285497726126,25.257528947391453,2024-09-16T21:55:19.289663,-0.007756550334672596,75.77258684217436
BTCXMR,437.25404459991256,437.25404459991256,437.25404459991256,2024-09-16T21:55:19.297779,0.0,1311.7621337997377
BTCSOL,443.50699246964814,443.62504802151363,443.50699246964814,2024-09-16T21:55:19.306446,-0.11805555186549554,1330.5209774089444
BTCRUB,5281632.061408302,5284408.203748907,5281632.061408302,2024-09-16T21:55:19.315384,-2776.142340605147,15844896.184224905
BTCDOGE,582010.6887163457,582210.3458707271,582010.6887163457,2024-09-16T21:55:19.324518,-199.6571543813916,1746032.066149037
BTCUSDT,57799.244371003464,57825.68103374842,57799.244371003464,2024-09-16T21:55:32.244645,0.0,173397.73311301038
BTCETH,25.25890376357666,25.265285497726126,25.257528947391453,2024-09-16T21:55:34.273870,0.0013748161852085161,75.77671129072999
BTCXMR,437.25404459991256,437.25404459991256,437.25404459991256,2024-09-16T21:55:34.283311,0.0,1311.7621337997377
BTCSOL,443.4729158663081,443.62504802151363,443.4729158663081,2024-09-16T21:55:34.291316,-0.034076603340054135,1330.4187475989243
BTCRUB,5281632.061408302,5284408.203748907,5281632.061408302,2024-09-16T21:55:34.298072,0.0,15844896.184224905
BTCDOGE,582010.6887163457,582210.3458707271,582010.6887163457,2024-09-16T21:55:34.307886,0.0,1746032.066149037
BTCUSDT,57799.244371003464,57825.68103374842,57799.244371003464,2024-09-16T21:55:47.450352,0.0,173397.73311301038
BTCETH,25.25961706592062,25.265285497726126,25.257528947391453,2024-09-16T21:55:48.795564,0.0007133023439571673,75.77885119776185
BTCXMR,437.25404459991256,437.25404459991256,437.25404459991256,2024-09-16T21:55:48.808983,0.0,1311.7621337997377
BTCUSDT,57810.48,57810.48,57810.48,2024-09-16T21:58:11.653178,0.0,173431.44
BTCETH,25.274308106784225,25.274308106784225,25.274308106784225,2024-09-16T21:58:11.664253,0.0,75.82292432035268
BTCXMR,437.25404459991256,437.25404459991256,437.25404459991256,2024-09-16T21:58:11.671802,0.0,1311.7621337997377
BTCSOL,443.67907869481763,443.67907869481763,443.67907869481763,2024-09-16T21:58:11.678425,0.0,1331.0372360844528
BTCRUB,5279778.310780003,5279778.310780003,5279778.310780003,2024-09-16T21:58:11.685362,0.0,15839334.932340007
BTCDOGE,584795.321637427,584795.321637427,584795.321637427,2024-09-16T21:58:11.692271,0.0,1754385.964912281
BTCUSDT,57819.33,57819.33,57819.33,2024-09-16T21:58:25.992897,8.849999999998545,173457.99
BTCETH,25.277480133130986,25.277480133130986,25.277480133130986,2024-09-16T21:58:26.681034,0.0031720263467605037,75.83244039939296
BTCXMR,437.25404459991256,437.25404459991256,437.25404459991256,2024-09-16T21:58:26.694525,0.0,1311.7621337997377
BTCSOL,443.69875633348687,443.69875633348687,443.69875633348687,2024-09-16T21:58:27.527367,0.01967763866923633,1331.0962690004606
BTCRUB,5279778.310780003,5279778.310780003,5279778.310780003,2024-09-16T21:58:27.547771,0.0,15839334.932340007
BTCDOGE,584795.321637427,584795.321637427,584795.321637427,2024-09-16T21:58:27.561942,0.0,1754385.964912281
BTCUSDT,57823.7,57823.7,57823.7,2024-09-16T21:58:41.571519,4.369999999995343,173471.09999999998
BTCETH,25.277657560775157,25.277657560775157,25.277480133130986,2024-09-16T21:58:41.585872,0.0001774276441715017,75.83297268232548
BTCXMR,437.25404459991256,437.25404459991256,437.25404459991256,2024-09-16T21:58:41.599618,0.0,1311.7621337997377
BTCSOL,443.6831196745221,443.69875633348687,443.6831196745221,2024-09-16T21:58:41.611246,-0.01563665896475186,1331.0493590235665
BTCRUB,5279778.310780003,5279778.310780003,5279778.310780003,2024-09-16T21:58:41.625267,0.0,15839334.932340007
BTCDOGE,584795.321637427,584795.321637427,584795.321637427,2024-09-16T21:58:41.638284,0.0,1754385.964912281
BTCUSDT,57823.8,57823.8,57823.7,2024-09-16T21:58:54.904068,0.10000000000582077,173471.40000000002
BTCETH,25.277721919616706,25.277721919616706,25.277480133130986,2024-09-16T21:58:54.920916,6.435884154853966e-05,75.83316575885011
BTCXMR,437.25404459991256,437.25404459991256,437.25404459991256,2024-09-16T21:58:54.933944,0.0,1311.7621337997377
BTCSOL,443.71257485029946,443.71257485029946,443.71257485029946,2024-09-16T21:58:55.578020,0.029455175777343356,1331.1377245508984
BTCRUB,5279781.892249866,5279781.892249866,5279778.310780003,2024-09-16T21:58:55.601125,3.581469863653183,15839345.676749598
BTCDOGE,584795.321637427,584795.321637427,584795.321637427,2024-09-16T21:58:55.612776,0.0,1754385.964912281
BTCUSDT,57845.2,57845.2,57845.2,2024-09-16T21:59:09.606701,21.39999999999418,173535.59999999998
BTCETH,25.28051376884774,25.28051376884774,25.28051376884774,2024-09-16T21:59:10.778143,0.002791849231034149,75.84154130654322
BTCXMR,437.25404459991256,437.25404459991256,437.25404459991256,2024-09-16T21:59:10.796247,0.0,1311.7621337997377
BTCSOL,443.69049719603225,443.71257485029946,443.69049719603225,2024-09-16T21:59:10.804713,-0.02207765426720698,1331.0714915880967
BTCRUB,5279781.892249866,5279781.892249866,5279778.310780003,2024-09-16T21:59:10.812271,0.0,15839345.676749598
BTCDOGE,584795.321637427,584795.321637427,584795.321637427,2024-09-16T21:59:10.819677,0.0,1754385.964912281
BTCUSDT,57879.54,57879.54,57879.54,2024-09-16T21:59:25.255852,34.34000000000378,173638.62
BTCETH,25.2807903729015,25.2807903729015,25.28051376884774,2024-09-16T21:59:25.275808,0.00027660405375939945,75.8423711187045
BTCXMR,437.25404459991256,437.25404459991256,437.25404459991256,2024-09-16T21:59:25.283606,0.0,1311.7621337997377
BTCSOL,443.5796979222571,443.71257485029946,443.5796979222571,2024-09-16T21:59:25.307398,-0.11079927377517151,1330.7390937667712
BTCRUB,5282259.504358287,5282259.504358287,5282259.504358287,2024-09-16T21:59:26.967497,2477.6121084205806,15846778.51307486
BTCDOGE,584795.321637427,584795.321637427,584795.321637427,2024-09-16T21:59:27.030154,0.0,1754385.964912281
BTCUSDT,57894.0,57894.0,57894.0,2024-09-16T22:01:35.155686,0.0,173682.0
BTCETH,25.302410880750458,25.302410880750458,25.302410880750458,2024-09-16T22:01:35.188920,0.0,75.90723264225137
BTCXMR,437.25404459991256,437.25404459991256,437.25404459991256,2024-09-16T22:01:35.200855,0.0,1311.7621337997377
BTCSOL,443.9769898230641,443.9769898230641,443.9769898230641,2024-09-16T22:01:35.211048,0.0,1331.9309694691924
BTCRUB,5289576.359791501,5289576.359791501,5289576.359791501,2024-09-16T22:01:35.245763,0.0,15868729.079374503
BTCDOGE,584795.321637427,584795.321637427,584795.321637427,2024-09-16T22:01:35.258040,0.0,1754385.964912281
BTCUSDT,57894.0,57894.0,57894.0,2024-09-16T22:01:48.197514,0.0,173682.0
BTCETH,25.302410880750458,25.302410880750458,25.302410880750458,2024-09-16T22:01:48.209036,0.0,75.90723264225137
BTCXMR,437.25404459991256,437.25404459991256,437.25404459991256,2024-09-16T22:01:48.218048,0.0,1311.7621337997377
BTCSOL,443.9769898230641,443.9769898230641,443.9769898230641,2024-09-16T22:01:48.226857,0.0,1331.9309694691924
BTCRUB,5289576.359791501,5289576.359791501,5289576.359791501,2024-09-16T22:01:48.235171,0.0,15868729.079374503
BTCDOGE,584795.321637427,584795.321637427,584795.321637427,2024-09-16T22:01:48.244827,0.0,1754385.964912281
BTCUSDT,57894.0,57894.0,57894.0,2024-09-16T22:02:03.094862,0.0,173682.0
BTCETH,25.302410880750458,25.302410880750458,25.302410880750458,2024-09-16T22:02:03.105593,0.0,75.90723264225137
BTCXMR,437.25404459991256,437.25404459991256,437.25404459991256,2024-09-16T22:02:03.116914,0.0,1311.7621337997377
BTCSOL,443.9769898230641,443.9769898230641,443.9769898230641,2024-09-16T22:02:03.126122,0.0,1331.9309694691924
BTCRUB,5289576.359791501,5289579.947907746,5289576.359791501,2024-09-16T22:02:03.136087,3.5881162444129586,15868739.843723238
BTCDOGE,584795.321637427,584795.321637427,584795.321637427,2024-09-16T22:02:03.147798,0.0,1754385.964912281
BTCUSDT,57894.0,57894.0,57882.14321606112,2024-09-16T22:02:17.889394,-11.856783938877925,173646.42964818337
BTCETH,25.303616808163518,25.303616808163518,25.303616808163518,2024-09-16T22:02:18.927529,0.0012059274130606923,75.91085042449055
BTCXMR,437.25404459991256,437.25404459991256,437.25404459991256,2024-09-16T22:02:18.936898,0.0,1311.7621337997377
BTCSOL,443.9769898230641,443.9769898230641,443.9769898230641,2024-09-16T22:02:18.945921,0.0,1331.9309694691924
BTCRUB,5289576.359791501,5289579.947907746,5289576.359791501,2024-09-16T22:02:18.953734,3.5881162444129586,15868739.843723238
BTCDOGE,584795.321637427,584795.321637427,584795.321637427,2024-09-16T22:02:18.966169,0.0,1754385.964912281
BTCUSDT,57902.33122801964,57902.33122801964,57902.33122801964,2024-09-16T22:02:38.013751,8.331228019640548,173706.99368405892
BTCETH,25.314364708558628,25.314364708558628,25.314364708558628,2024-09-16T22:02:40.079525,0.010747900395109866,75.94309412567588
BTCXMR,437.25404459991256,437.25404459991256,437.25404459991256,2024-09-16T22:02:40.090877,0.0,1311.7621337997377
BTCSOL,444.07459286455315,444.07459286455315,444.07459286455315,2024-09-16T22:02:40.909066,0.09760304148903742,1332.2237785936595
BTCRUB,5290742.798917932,5290742.798917932,5290742.798917932,2024-09-16T22:02:42.091006,1166.4391264310107,15872228.396753797
BTCDOGE,584795.321637427,584795.321637427,584795.321637427,2024-09-16T22:02:42.126798,0.0,1754385.964912281
BTCUSDT,57913.5,57913.5,57913.5,2024-09-16T22:03:11.298478,0.0,173740.5
BTCETH,25.31571700216379,25.31571700216379,25.31571700216379,2024-09-16T22:03:11.346105,0.0,75.94715100649137
BTCXMR,437.25404459991256,437.25404459991256,437.25404459991256,2024-09-16T22:03:11.355586,0.0,1311.7621337997377
BTCSOL,443.84709491116257,443.84709491116257,443.84709491116257,2024-09-16T22:03:11.363571,0.0,1331.5412847334878
BTCRUB,5290481.387674583,5290481.387674583,5290481.387674583,2024-09-16T22:03:11.371012,0.0,15871444.16302375
BTCDOGE,584795.321637427,584795.321637427,584795.321637427,2024-09-16T22:03:11.378197,0.0,1754385.964912281
BTCUSDT,57913.5,57913.5,57901.5,2024-09-16T22:03:24.505899,-12.0,173704.5
BTCETH,25.31571700216379,25.3158516315283,25.31571700216379,2024-09-16T22:03:24.525777,0.00013462936450991947,75.9475548945849
BTCXMR,437.25404459991256,437.25404459991256,437.25404459991256,2024-09-16T22:03:24.538883,0.0,1311.7621337997377
BTCSOL,443.84709491116257,443.84709491116257,443.8070532432712,2024-09-16T22:03:24.553596,-0.04004166789138708,1331.4211597298136
BTCRUB,5290481.387674583,5290481.387674583,5290004.106869685,2024-09-16T22:03:24.567022,-477.2808048976585,15870012.320609055
BTCDOGE,584795.321637427,584795.321637427,584795.321637427,2024-09-16T22:03:24.578347,0.0,1754385.964912281
BTCUSDT,57913.5,57913.5,57901.5,2024-09-16T22:03:38.007721,-10.5,173709.0
BTCETH,25.31884641297786,25.31884641297786,25.31884641297786,2024-09-16T22:03:39.136912,0.0031294108140684784,75.95653923893357
BTCXMR,437.25404459991256,437.25404459991256,437.25404459991256,2024-09-16T22:03:39.185566,0.0,1311.7621337997377
BTCSOL,443.84709491116257,443.84709491116257,443.8070532432712,2024-09-16T22:03:39.205417,-0.04004166789138708,1331.4211597298136
BTCRUB,5290481.387674583,5290481.387674583,5290004.106869685,2024-09-16T22:03:39.216452,-477.2808048976585,15870012.320609055
BTCDOGE,584795.321637427,584795.321637427,584795.321637427,2024-09-16T22:03:39.226566,0.0,1754385.964912281
BTCUSDT,57899.1855181325,57899.1855181325,57899.1855181325,2024-09-16T22:04:42.742939,0.0,173697.5565543975
BTCETH,25.32056947349078,25.32056947349078,25.32056947349078,2024-09-16T22:04:42.753413,0.0,75.96170842047235
BTCXMR,437.25404459991256,437.25404459991256,437.25404459991256,2024-09-16T22:04:42.759354,0.0,1311.7621337997377
BTCSOL,443.5844467585625,443.5844467585625,443.5844467585625,2024-09-16T22:04:42.766009,0.0,1330.7533402756874
BTCRUB,5290995.762852699,5290995.762852699,5290995.762852699,2024-09-16T22:04:42.774331,0.0,15872987.288558096
BTCDOGE,584795.321637427,584795.321637427,584795.321637427,2024-09-16T22:04:42.794621,0.0,1754385.964912281
BTCUSDT,57899.1855181325,57899.1855181325,57899.1855181325,2024-09-16T22:04:58.489799,0.0,173697.5565543975
BTCETH,25.32056947349078,25.32056947349078,25.31971639156883,2024-09-16T22:04:58.500534,-0.0008530819219529917,75.95914917470648
BTCXMR,437.25404459991256,437.25404459991256,437.25404459991256,2024-09-16T22:04:58.508717,0.0,1311.7621337997377
BTCSOL,443.5844467585625,443.5844467585625,443.5844467585625,2024-09-16T22:04:58.516099,0.0,1330.7533402756874
BTCRUB,5290995.762852699,5290995.762852699,5290397.283615692,2024-09-16T22:04:58.523056,-598.4792370069772,15871191.850847075
BTCDOGE,584795.321637427,584795.321637427,584795.321637427,2024-09-16T22:04:58.530396,0.0,1754385.964912281
BTCUSDT,57899.1855181325,57899.1855181325,57899.1855181325,2024-09-16T22:05:11.606781,0.0,173697.5565543975
BTCETH,25.32056947349078,25.32056947349078,25.315990825366814,2024-09-16T22:05:11.618216,-0.004578648123967355,75.94797247610045
BTCXMR,437.25404459991256,437.25404459991256,437.25404459991256,2024-09-16T22:05:11.632485,0.0,1311.7621337997377
BTCSOL,443.5844467585625,443.5844467585625,443.5844467585625,2024-09-16T22:05:11.648460,0.0,1330.7533402756874
BTCRUB,5290995.762852699,5290995.762852699,5290397.283615692,2024-09-16T22:05:11.665215,-598.4792370069772,15871191.850847075
BTCDOGE,584795.321637427,584795.321637427,584795.321637427,2024-09-16T22:05:11.674798,0.0,1754385.964912281
BTCUSDT,57899.1855181325,57899.1855181325,57899.1855181325,2024-09-16T22:05:24.906412,0.0,173697.5565543975
BTCETH,25.317749766859453,25.32056947349078,25.317749766859453,2024-09-16T22:05:28.187834,-0.002819706631328245,75.95324930057836
BTCXMR,437.25404459991256,437.25404459991256,437.25404459991256,2024-09-16T22:05:28.203545,0.0,1311.7621337997377
BTCSOL,443.5844467585625,443.5844467585625,443.5844467585625,2024-09-16T22:05:28.222919,0.0,1330.7533402756874
BTCRUB,5290995.762852699,5290995.762852699,5290397.283615692,2024-09-16T22:05:28.233836,-598.4792370069772,15871191.850847075
BTCDOGE,584795.321637427,584795.321637427,584795.321637427,2024-09-16T22:05:28.248466,0.0,1754385.964912281
BTCUSDT,57899.1855181325,57899.1855181325,57899.1855181325,2024-09-16T22:05:43.243587,0.0,173697.5565543975
BTCETH,25.32200318633029,25.32200318633029,25.32200318633029,2024-09-16T22:05:44.156697,0.00425341947083524,75.96600955899086
BTCXMR,437.25404459991256,437.25404459991256,437.25404459991256,2024-09-16T22:05:44.185073,0.0,1311.7621337997377
BTCSOL,443.5844467585625,443.5844467585625,443.54208996143916,2024-09-16T22:05:44.196432,-0.0423567971233183,1330.6262698843175
BTCRUB,5290995.762852699,5290995.762852699,5290397.283615692,2024-09-16T22:05:44.207979,-598.4792370069772,15871191.850847075
BTCDOGE,584795.321637427,584795.321637427,584795.321637427,2024-09-16T22:05:44.220261,0.0,1754385.964912281
BTCUSDT,57904.0,57904.0,57904.0,2024-09-16T22:05:58.548386,4.814481867499126,173712.0
BTCETH,25.32200318633029,25.32200318633029,25.32027504636596,2024-09-16T22:05:58.567208,-0.0017281399643280793,75.96082513909788
BTCXMR,437.25404459991256,437.25404459991256,437.25404459991256,2024-09-16T22:05:58.587875,0.0,1311.7621337997377
BTCSOL,443.5844467585625,443.5844467585625,443.54208996143916,2024-09-16T22:05:58.599095,-0.0423567971233183,1330.6262698843175
BTCRUB,5291257.141622719,5291257.141622719,5291257.141622719,2024-09-16T22:05:59.623158,261.3787700207904,15873771.424868159
BTCDOGE,584795.321637427,584795.321637427,584795.321637427,2024-09-16T22:05:59.649032,0.0,1754385.964912281
